shikimori_id,titulo,titulo_ruso,tipo,puntuacion,estado,episodios,episodios_emitidos,fecha_inicio,fecha_fin,url
52991,Sousou no Frieren,Провожающая в последний путь Фрирен,tv,9.25,released,28,27,2023-09-29,2024-03-22,https://shikimori.io/animes/52991-sousou-no-frieren
5114,Fullmetal Alchemist: Brotherhood,Стальной алхимик: Братство,tv,9.11,released,64,0,2009-04-05,2010-07-04,https://shikimori.io/animes/z5114-fullmetal-alchemist-brotherhood
61316,Re:Zero kara Hajimeru Isekai Seikatsu 4th Season,Re:Zero. Жизнь с нуля в альтернативном мире 4,tv,9.11,ongoing,19,18,2026-04-08,2026-09-30,https://shikimori.io/animes/61316-re-zero-kara-hajimeru-isekai-seikatsu-4th-season
61469,Steel Ball Run: JoJo no Kimyou na Bouken,Невероятное приключение ДжоДжо: Гонка «Стальной шар»,ona,9.07,ongoing,0,2,2026-03-19,,https://shikimori.io/animes/61469-steel-ball-run-jojo-no-kimyou-na-bouken
9253,Steins;Gate,Врата Штейна,tv,9.07,released,24,24,2011-04-06,2011-09-14,https://shikimori.io/animes/z9253-steins-gate
39486,Gintama: The Final,Гинтама: Финал,movie,9.05,released,1,0,2021-01-08,,https://shikimori.io/animes/39486-gintama-the-final
57555,Chainsaw Man Movie: Reze-hen,Человек-бензопила: Резе,movie,9.05,released,1,0,2025-09-19,,https://shikimori.io/animes/57555-chainsaw-man-movie-reze-hen
28977,Gintama°,Гинтама 4,tv,9.05,released,51,51,2015-04-08,2016-03-30,https://shikimori.io/animes/z28977-gintama
38524,Shingeki no Kyojin Season 3 Part 2,Атака титанов 3. Часть 2,tv,9.05,released,10,10,2019-04-29,2019-07-01,https://shikimori.io/animes/38524-shingeki-no-kyojin-season-3-part-2
60636,Bleach: Sennen Kessen-hen - Kashin-tan,Блич: Тысячелетняя кровавая война — Бедствие,tv,9.04,ongoing,10,8,2026-07-25,2026-10-27,https://shikimori.io/animes/60636-bleach-sennen-kessen-hen-kashin-tan
11061,Hunter x Hunter (2011),Охотник х Охотник (2011),tv,9.03,released,148,148,2011-10-02,2014-09-24,https://shikimori.io/animes/z11061-hunter-x-hunter-2011
820,Ginga Eiyuu Densetsu,Легенда о героях Галактики,ova,9.02,released,110,0,1988-12-21,1997-03-14,https://shikimori.io/animes/820-ginga-eiyuu-densetsu
9969,Gintama',Гинтама 2,tv,9.02,released,51,252,2011-04-04,2012-03-26,https://shikimori.io/animes/z9969-gintama
15417,Gintama': Enchousen,Гинтама 3,tv,9.02,released,13,13,2012-10-04,2013-03-28,https://shikimori.io/animes/z15417-gintama-enchousen
60022,One Piece Fan Letter,Ван-Пис: Письмо от поклонника,tv_special,9.0,released,1,0,2024-10-20,,https://shikimori.io/animes/60022-one-piece-fan-letter
41467,Bleach: Sennen Kessen-hen,Блич: Тысячелетняя кровавая война,tv,8.98,released,13,13,2022-10-11,2022-12-27,https://shikimori.io/animes/41467-bleach-sennen-kessen-hen
34096,Gintama.,Гинтама 5,tv,8.98,released,12,12,2017-01-09,2017-03-27,https://shikimori.io/animes/z34096-gintama
43608,Kaguya-sama wa Kokurasetai: Ultra Romantic,Госпожа Кагуя: в любви как на войне 3,tv,8.95,released,13,13,2022-04-09,2022-06-25,https://shikimori.io/animes/43608-kaguya-sama-wa-kokurasetai-ultra-romantic
4181,Clannad: After Story,Кланнад: Продолжение истории,tv,8.93,released,24,0,2008-10-03,2009-03-27,https://shikimori.io/animes/z4181-clannad-after-story
42938,Fruits Basket: The Final,Корзинка фруктов: Финал,tv,8.93,released,13,13,2021-04-06,2021-06-29,https://shikimori.io/animes/42938-fruits-basket-the-final
918,Gintama,Гинтама,tv,8.93,released,201,0,2006-04-04,2010-03-25,https://shikimori.io/animes/z918-gintama
28851,Koe no Katachi,Форма голоса,movie,8.93,released,1,0,2016-09-17,,https://shikimori.io/animes/y28851-koe-no-katachi
2904,Code Geass: Hangyaku no Lelouch R2,Код Гиас: Восставший Лелуш 2,tv,8.92,released,25,0,2008-04-06,2008-09-28,https://shikimori.io/animes/2904-code-geass-hangyaku-no-lelouch-r2
58514,Kusuriya no Hitorigoto 2nd Season,Монолог фармацевта 2,tv,8.9,released,24,24,2025-01-10,2025-07-04,https://shikimori.io/animes/58514-kusuriya-no-hitorigoto-2nd-season
35180,3-gatsu no Lion 2nd Season,Мартовский лев 2,tv,8.9,released,22,22,2017-10-14,2018-03-31,https://shikimori.io/animes/35180-3-gatsu-no-lion-2nd-season
19,Monster,Монстр,tv,8.9,released,74,0,2004-04-07,2005-09-28,https://shikimori.io/animes/19-monster
15335,Gintama Movie 2: Kanketsu-hen - Yorozuya yo Eien Nare,Гинтама: Финальная арка — Ёродзуя навсегда!,movie,8.89,released,1,0,2013-07-06,,https://shikimori.io/animes/z15335-gintama-movie-2-kanketsu-hen-yorozuya-yo-eien-nare
37491,Gintama. Shirogane no Tamashii-hen - Kouhan-sen,Гинтама 8,tv,8.88,released,14,14,2018-07-09,2018-10-08,https://shikimori.io/animes/37491-gintama-shirogane-no-tamashii-hen-kouhan-sen
35247,Owarimonogatari 2nd Season,История финала 2,tv_special,8.86,released,7,0,2017-08-12,2017-08-13,https://shikimori.io/animes/z35247-owarimonogatari-2nd-season
51535,Shingeki no Kyojin: The Final Season - Kanketsu-hen,Атака титанов: Финал — Заключительная глава,tv_special,8.86,released,2,1,2023-03-04,2023-11-05,https://shikimori.io/animes/51535-shingeki-no-kyojin-the-final-season-kanketsu-hen
40682,Kingdom 3rd Season,Царство 3,tv,8.85,released,26,26,2020-04-06,2021-10-17,https://shikimori.io/animes/40682-kingdom-3rd-season
54492,Kusuriya no Hitorigoto,Монолог фармацевта,tv,8.84,released,24,24,2023-10-22,2024-03-24,https://shikimori.io/animes/54492-kusuriya-no-hitorigoto
59571,Shingeki no Kyojin Movie: Kanketsu-hen - The Last Attack,Атака титанов: Заключительная глава — Последняя атака,movie,8.84,released,1,0,2024-11-08,,https://shikimori.io/animes/59571-shingeki-no-kyojin-movie-kanketsu-hen-the-last-attack
59978,Sousou no Frieren 2nd Season,Провожающая в последний путь Фрирен 2,tv,8.84,released,10,10,2026-01-16,2026-03-27,https://shikimori.io/animes/59978-sousou-no-frieren-2nd-season
49387,Vinland Saga Season 2,Сага о Винланде 2,tv,8.83,released,24,24,2023-01-10,2023-06-20,https://shikimori.io/animes/49387-vinland-saga-season-2
37987,Violet Evergarden Movie,Вайолет Эвергарден. Фильм,movie,8.83,released,1,0,2020-09-18,,https://shikimori.io/animes/37987-violet-evergarden-movie
32281,Kimi no Na wa.,Твоё имя,movie,8.82,released,1,1,2016-08-26,,https://shikimori.io/animes/32281-kimi-no-na-wa
2921,Ashita no Joe 2,Завтрашний Джо 2,tv,8.81,released,47,0,1980-10-13,1981-08-31,https://shikimori.io/animes/2921-ashita-no-joe-2
36838,Gintama. Shirogane no Tamashii-hen,Гинтама 7,tv,8.81,released,12,12,2018-01-08,2018-03-26,https://shikimori.io/animes/36838-gintama-shirogane-no-tamashii-hen
62277,Gintama Movie 3: Yoshiwara Daienjou,Гинтама: Ёшивара в огне,movie,8.8,released,1,0,2026-02-13,,https://shikimori.io/animes/62277-gintama-movie-3-yoshiwara-daienjou
40028,Shingeki no Kyojin: The Final Season,Атака титанов: Финал,tv,8.79,released,16,16,2020-12-07,2021-03-29,https://shikimori.io/animes/40028-shingeki-no-kyojin-the-final-season
263,Hajime no Ippo,Первый шаг,tv,8.78,released,75,0,2000-10-04,2002-03-27,https://shikimori.io/animes/263-hajime-no-ippo
31758,Kizumonogatari III: Reiketsu-hen,Истории ран. Часть 3: Холодная кровь,movie,8.78,released,1,0,2017-01-06,,https://shikimori.io/animes/z31758-kizumonogatari-iii-reiketsu-hen
37510,Mob Psycho 100 II,Моб Психо 100 2,tv,8.78,released,13,13,2019-01-07,2019-04-01,https://shikimori.io/animes/z37510-mob-psycho-100-ii
37521,Vinland Saga,Сага о Винланде,tv,8.78,released,24,24,2019-07-08,2019-12-30,https://shikimori.io/animes/37521-vinland-saga
48583,Shingeki no Kyojin: The Final Season Part 2,Атака титанов: Финал. Часть 2,tv,8.78,released,12,12,2022-01-10,2022-04-04,https://shikimori.io/animes/48583-shingeki-no-kyojin-the-final-season-part-2
32935,Haikyuu!! Karasuno Koukou vs. Shiratorizawa Gakuen Koukou,Волейбол!! 3,tv,8.77,released,10,10,2016-10-08,2016-12-10,https://shikimori.io/animes/z32935-haikyuu-karasuno-koukou-vs-shiratorizawa-gakuen-koukou
199,Sen to Chihiro no Kamikakushi,Унесённые призраками,movie,8.77,released,1,0,2001-07-20,,https://shikimori.io/animes/z199-sen-to-chihiro-no-kamikakushi
17074,Monogatari Series: Second Season,Цикл историй: Второй сезон,tv,8.76,released,26,26,2013-07-07,2013-12-29,https://shikimori.io/animes/x17074-monogatari-series-second-season
1,Cowboy Bebop,Ковбой Бибоп,tv,8.75,released,26,0,1998-04-03,1999-04-24,https://shikimori.io/animes/1-cowboy-bebop
60489,Takopii no Genzai,Первородный грех Такопи,ona,8.74,released,6,6,2025-06-28,2025-08-02,https://shikimori.io/animes/60489-takopii-no-genzai
48569,86 Part 2,Восемьдесят шесть. Часть 2,tv,8.73,released,12,12,2021-10-03,2022-03-19,https://shikimori.io/animes/48569-86-part-2
39894,Hibike! Euphonium 3,"Звучи, эуфониум! 3",tv,8.73,released,13,13,2024-04-07,2024-06-30,https://shikimori.io/animes/39894-hibike-euphonium-3
50160,Kingdom 4th Season,Царство 4,tv,8.73,released,26,26,2022-04-10,2022-10-02,https://shikimori.io/animes/50160-kingdom-4th-season
47917,Bocchi the Rock!,Одинокий рокер!,tv,8.72,released,12,12,2022-10-09,2022-12-25,https://shikimori.io/animes/47917-bocchi-the-rock
52215,Chi. Chikyuu no Undou ni Tsuite,О движении Земли,tv,8.72,released,25,25,2024-10-05,2025-03-15,https://shikimori.io/animes/52215-chi-chikyuu-no-undou-ni-tsuite
50172,Mob Psycho 100 III,Моб Психо 100 3,tv,8.72,released,12,12,2022-10-06,2022-12-22,https://shikimori.io/animes/50172-mob-psycho-100-iii
53223,Kingdom 5th Season,Царство 5,tv,8.72,released,13,13,2024-01-14,2024-03-31,https://shikimori.io/animes/53223-kingdom-5th-season
60568,Jiyi Guanli Ju (2026),Управление воспоминаниями (2026),ona,8.72,released,7,6,2026-08-02,2026-08-30,https://shikimori.io/animes/60568-jiyi-guanli-ju-2026
24701,Mushishi Zoku Shou 2nd Season,Мастер муси: Следующая глава 2,tv,8.72,released,10,10,2014-10-19,2014-12-21,https://shikimori.io/animes/24701-mushishi-zoku-shou-2nd-season
21,One Piece,Ван-Пис,tv,8.72,ongoing,0,1179,1999-10-20,,https://shikimori.io/animes/21-one-piece
1575,Code Geass: Hangyaku no Lelouch,Код Гиас: Восставший Лелуш,tv,8.71,released,25,0,2006-10-06,2007-07-29,https://shikimori.io/animes/1575-code-geass-hangyaku-no-lelouch
60098,Boku no Hero Academia: Final Season,Моя геройская академия: Финал,tv,8.71,released,11,10,2025-10-04,2025-12-13,https://shikimori.io/animes/60098-boku-no-hero-academia-final-season
52198,Kaguya-sama wa Kokurasetai: First Kiss wa Owaranai,Госпожа Кагуя: в любви как на войне — Первый поцелуй никогда не заканчивается,movie,8.71,released,1,0,2022-12-17,,https://shikimori.io/animes/52198-kaguya-sama-wa-kokurasetai-first-kiss-wa-owaranai
58788,Ikoku Nikki,Дневник разных стран,tv,8.71,released,13,13,2026-01-04,2026-03-29,https://shikimori.io/animes/58788-ikoku-nikki
44074,Shiguang Dailiren,Агент времени,ona,8.7,released,11,11,2021-04-30,2021-07-09,https://shikimori.io/animes/44074-shiguang-dailiren
53998,Bleach: Sennen Kessen-hen - Ketsubetsu-tan,Блич: Тысячелетняя кровавая война — Прощание,tv,8.7,released,13,13,2023-07-08,2023-09-30,https://shikimori.io/animes/53998-bleach-sennen-kessen-hen-ketsubetsu-tan
45649,The First Slam Dunk,Первый слэм-данк,movie,8.7,released,1,0,2022-12-03,,https://shikimori.io/animes/45649-the-first-slam-dunk
62276,Guimi Zhi Zhu Specials,Повелитель тайн: Спецвыпуск,ona,8.7,released,3,3,2026-06-20,2026-06-28,https://shikimori.io/animes/62276-guimi-zhi-zhu-specials
21939,Mushishi Zoku Shou,Мастер муси: Следующая глава,tv,8.69,released,10,10,2014-04-05,2014-06-21,https://shikimori.io/animes/21939-mushishi-zoku-shou
51009,Jujutsu Kaisen 2nd Season,Магическая битва 2,tv,8.69,released,23,23,2023-07-06,2023-12-28,https://shikimori.io/animes/51009-jujutsu-kaisen-2nd-season
44,Rurouni Kenshin: Meiji Kenkaku Romantan - Tsuioku-hen,Бродяга Кэнсин: Воспоминания,ova,8.69,released,4,0,1999-02-20,1999-09-22,https://shikimori.io/animes/z44-rurouni-kenshin-meiji-kenkaku-romantan-tsuioku-hen
33095,Shouwa Genroku Rakugo Shinjuu: Sukeroku Futatabi-hen,Сёва-Гэнроку: Двойное самоубийство по ракуго 2,tv,8.69,released,12,12,2017-01-07,2017-03-25,https://shikimori.io/animes/33095-shouwa-genroku-rakugo-shinjuu-sukeroku-futatabi-hen
33352,Violet Evergarden,Вайолет Эвергарден,tv,8.69,released,13,13,2018-01-11,2018-04-05,https://shikimori.io/animes/33352-violet-evergarden
47778,Kimetsu no Yaiba: Yuukaku-hen,"Клинок, рассекающий демонов: Квартал красных фонарей",tv,8.68,released,11,11,2021-12-05,2022-02-13,https://shikimori.io/animes/47778-kimetsu-no-yaiba-yuukaku-hen
55690,Boku no Kokoro no Yabai Yatsu 2nd Season,Опасность в моём сердце 2,tv,8.68,released,13,12,2024-01-07,2024-03-31,https://shikimori.io/animes/55690-boku-no-kokoro-no-yabai-yatsu-2nd-season
60058,[Oshi no Ko] 3rd Season,Ребёнок идола 3,tv,8.68,released,11,10,2026-01-14,2026-03-25,https://shikimori.io/animes/60058-oshi-no-ko-3rd-season
56784,Bleach: Sennen Kessen-hen - Soukoku-tan,Блич: Тысячелетняя кровавая война — Конфликт,tv,8.67,released,14,14,2024-10-05,2024-12-28,https://shikimori.io/animes/56784-bleach-sennen-kessen-hen-soukoku-tan
245,Great Teacher Onizuka,Крутой учитель Онидзука,tv,8.68,released,43,0,1999-06-30,2000-09-17,https://shikimori.io/animes/245-great-teacher-onizuka
5258,Hajime no Ippo: New Challenger,Первый шаг: Новый вызов,tv,8.67,released,26,0,2009-01-07,2009-07-01,https://shikimori.io/animes/5258-hajime-no-ippo-new-challenger
431,Howl no Ugoku Shiro,Ходячий замок,movie,8.67,released,1,0,2004-11-20,,https://shikimori.io/animes/431-howl-no-ugoku-shiro
164,Mononoke Hime,Принцесса Мононоке,movie,8.67,released,1,0,1997-07-12,,https://shikimori.io/animes/164-mononoke-hime
53447,Tu Bian Yingxiong X,Быть героем Икс,ona,8.67,released,24,24,2025-04-06,2025-09-14,https://shikimori.io/animes/53447-tu-bian-yingxiong-x
61930,Uma Musume: Cinderella Gray Part 2,Девушки-пони: Серая Золушка. Часть 2,tv,8.67,released,10,10,2025-10-05,2025-12-21,https://shikimori.io/animes/61930-uma-musume-cinderella-gray-part-2
61517,Kingdom 6th Season,Царство 6,tv,8.66,released,13,13,2025-10-05,2025-12-28,https://shikimori.io/animes/61517-kingdom-6th-season
61952,Luo Xiaohei Zhanji 2,Легенда о Сяохэе Ло. Фильм 2,movie,8.66,released,1,0,2025-07-18,,https://shikimori.io/animes/61952-luo-xiaohei-zhanji-2
59193,Mushoku Tensei III: Isekai Ittara Honki Dasu,Реинкарнация безработного: История о приключениях в другом мире 3,tv,8.66,ongoing,14,14,2026-07-06,2026-09-28,https://shikimori.io/animes/59193-mushoku-tensei-iii-isekai-ittara-honki-dasu
457,Mushishi,Мастер муси,tv,8.65,released,26,0,2005-10-23,2006-06-19,https://shikimori.io/animes/457-mushishi
35760,Shingeki no Kyojin Season 3,Атака титанов 3,tv,8.65,released,12,12,2018-07-23,2018-10-15,https://shikimori.io/animes/35760-shingeki-no-kyojin-season-3
59192,Kimetsu no Yaiba Movie 1: Mugenjou-hen - Akaza Sairai,"Клинок, рассекающий демонов: Бесконечный замок — Возвращение Акадзы",movie,8.65,released,1,1,2025-07-18,,https://shikimori.io/animes/59192-kimetsu-no-yaiba-movie-1-mugenjou-hen-akaza-sairai
2001,Tengen Toppa Gurren Lagann,"Гуррен-Лаганн, пронзающий небеса",tv,8.65,released,27,0,2007-04-01,2007-09-30,https://shikimori.io/animes/z2001-tengen-toppa-gurren-lagann
40434,Mo Dao Zu Shi: Wanjie Pian,Магистр дьявольского культа 3,ona,8.64,released,12,11,2021-08-07,2021-10-16,https://shikimori.io/animes/40434-mo-dao-zu-shi-wanjie-pian
23273,Shigatsu wa Kimi no Uso,Твоя апрельская ложь,tv,8.64,released,22,22,2014-10-10,2015-03-20,https://shikimori.io/animes/z23273-shigatsu-wa-kimi-no-uso
50399,Tian Guan Cifu Er,Благословение небожителей 2,ona,8.64,released,12,12,2023-10-18,2024-01-17,https://shikimori.io/animes/50399-tian-guan-cifu-er
57864,Monogatari Series: Off & Monster Season,Цикл историй: Межсезонье и сезон монстров,ona,8.64,released,14,14,2024-07-06,2024-10-19,https://shikimori.io/animes/57864-monogatari-series-off-monster-season
33050,Fate/stay night Movie: Heaven's Feel - III. Spring Song,Судьба/Ночь схватки: Прикосновение небес 3,movie,8.63,released,1,0,2020-08-15,,https://shikimori.io/animes/33050-fate-stay-night-movie-heaven-s-feel-iii-spring-song
57647,Uma Musume: Pretty Derby - Shin Jidai no Tobira,Девушки-пони: Славное дерби — Начало новой эры,movie,8.64,released,1,0,2024-05-24,,https://shikimori.io/animes/57647-uma-musume-pretty-derby-shin-jidai-no-tobira
11665,Natsume Yuujinchou Shi,Тетрадь дружбы Нацумэ 4,tv,8.63,released,13,13,2012-01-03,2012-03-27,https://shikimori.io/animes/11665-natsume-yuujinchou-shi
22135,Ping Pong the Animation,Пинг-понг,tv,8.63,released,11,11,2014-04-11,2014-06-20,https://shikimori.io/animes/z22135-ping-pong-the-animation
42310,Cyberpunk: Edgerunners,Киберпанк: Бегущие по краю,ona,8.62,released,10,6,2022-09-13,,https://shikimori.io/animes/42310-cyberpunk-edgerunners
1535,Death Note,Тетрадь смерти,tv,8.62,released,37,0,2006-10-04,2007-06-27,https://shikimori.io/animes/1535-death-note
34599,Made in Abyss,Созданный в Бездне,tv,8.62,released,13,13,2017-07-07,2017-09-29,https://shikimori.io/animes/z34599-made-in-abyss
50250,Chiikawa,Тикава,tv,8.62,ongoing,0,276,2022-04-04,,https://shikimori.io/animes/50250-chiikawa
46102,Odd Taxi,Случайное такси,tv,8.62,released,13,13,2021-04-06,2021-06-29,https://shikimori.io/animes/46102-odd-taxi
4565,Tengen Toppa Gurren Lagann Movie 2: Lagann-hen,Гуррен-Лаганн: Звёздный свет,movie,8.62,released,1,0,2009-04-22,,https://shikimori.io/animes/z4565-tengen-toppa-gurren-lagann-movie-2-lagann-hen
49413,Shiguang Dailiren II,Агент времени 2,ona,8.62,released,12,12,2023-07-14,2023-09-22,https://shikimori.io/animes/49413-shiguang-dailiren-ii
52742,Haikyuu!! Movie: Gomisuteba no Kessen,Волейбол!! Решающая игра на свалке,movie,8.61,released,1,0,2024-02-16,,https://shikimori.io/animes/52742-haikyuu-movie-gomisuteba-no-kessen
49818,Guimi Zhi Zhu: Xiaochou Pian,Повелитель тайн: Клоун,ona,8.61,released,13,13,2025-06-28,2025-08-16,https://shikimori.io/animes/49818-guimi-zhi-zhu-xiaochou-pian
28891,Haikyuu!! Second Season,Волейбол!! 2,tv,8.61,released,25,25,2015-10-04,2016-03-27,https://shikimori.io/animes/z28891-haikyuu-second-season
40591,Kaguya-sama wa Kokurasetai? Tensai-tachi no Renai Zunousen,Госпожа Кагуя: в любви как на войне 2,tv,8.61,released,12,12,2020-04-11,2020-06-27,https://shikimori.io/animes/40591-kaguya-sama-wa-kokurasetai-tensai-tachi-no-renai-zunousen
19647,Hajime no Ippo: Rising,Первый шаг: Восхождение,tv,8.61,released,25,25,2013-10-06,2014-03-30,https://shikimori.io/animes/19647-hajime-no-ippo-rising
33,Kenpuu Denki Berserk,Берсерк,tv,8.61,released,25,0,1997-10-08,1998-04-01,https://shikimori.io/animes/33-kenpuu-denki-berserk
54898,Bungou Stray Dogs 5th Season,Великий из бродячих псов 5,tv,8.6,released,11,11,2023-07-12,2023-09-20,https://shikimori.io/animes/54898-bungou-stray-dogs-5th-season
34591,Natsume Yuujinchou Roku,Тетрадь дружбы Нацумэ 6,tv,8.61,released,11,11,2017-04-12,2017-06-21,https://shikimori.io/animes/34591-natsume-yuujinchou-roku
58125,Look Back,Оглянись,movie,8.61,released,1,0,2024-06-28,,https://shikimori.io/animes/58125-look-back
45576,Mushoku Tensei: Isekai Ittara Honki Dasu Part 2,Реинкарнация безработного: История о приключениях в другом мире. Часть 2,tv,8.6,released,12,12,2021-10-04,2021-12-20,https://shikimori.io/animes/45576-mushoku-tensei-isekai-ittara-honki-dasu-part-2
36862,Made in Abyss Movie 3: Fukaki Tamashii no Reimei,Созданный в Бездне: Рассвет глубокой души,movie,8.6,released,1,0,2020-01-17,,https://shikimori.io/animes/z36862-made-in-abyss-movie-3-fukaki-tamashii-no-reimei
52701,Dungeon Meshi,Подземелье вкусностей,tv,8.59,released,24,24,2024-01-04,2024-06-13,https://shikimori.io/animes/52701-dungeon-meshi
41084,Made in Abyss: Retsujitsu no Ougonkyou,"Созданный в Бездне: Солнце, вспыхнувшее в Золотом городе",tv,8.59,released,12,12,2022-07-06,2022-09-28,https://shikimori.io/animes/41084-made-in-abyss-retsujitsu-no-ougonkyou
38329,Seishun Buta Yarou wa Yumemiru Shoujo no Yume wo Minai,Этот глупый свин не понимает мечту девочки-мечтательницы,movie,8.59,released,1,1,2019-06-15,,https://shikimori.io/animes/z38329-seishun-buta-yarou-wa-yumemiru-shoujo-no-yume-wo-minai
57658,Jujutsu Kaisen: Shimetsu Kaiyuu - Zenpen,Магическая битва: Смертельная миграция,tv,8.59,released,12,12,2026-01-09,2026-03-27,https://shikimori.io/animes/57658-jujutsu-kaisen-shimetsu-kaiyuu-zenpen
7311,Suzumiya Haruhi no Shoushitsu,Исчезновение Харухи Судзумии,movie,8.59,released,1,0,2010-02-06,,https://shikimori.io/animes/7311-suzumiya-haruhi-no-shoushitsu
37991,JoJo no Kimyou na Bouken Part 5: Ougon no Kaze,Невероятное приключение ДжоДжо: Золотой ветер,tv,8.58,released,39,39,2018-10-06,2019-07-28,https://shikimori.io/animes/37991-jojo-no-kimyou-na-bouken-part-5-ougon-no-kaze
28957,Mushishi Zoku Shou: Suzu no Shizuku,Мастер муси: Следующая глава — Капли колокольчиков,movie,8.58,released,1,0,2015-05-16,,https://shikimori.io/animes/28957-mushishi-zoku-shou-suzu-no-shizuku
3786,Shin Evangelion Movie:||,Евангелион 3.0+1.01: Как-то раз,movie,8.58,released,1,0,2021-03-08,,https://shikimori.io/animes/3786-shin-evangelion-movie
16498,Shingeki no Kyojin,Атака титанов,tv,8.58,released,25,25,2013-04-07,2013-09-29,https://shikimori.io/animes/16498-shingeki-no-kyojin
877,Nana,Нана,tv,8.57,released,47,0,2006-04-05,2007-03-28,https://shikimori.io/animes/877-nana
55823,Natsume Yuujinchou Shichi,Тетрадь дружбы Нацумэ 7,tv,8.57,released,12,12,2024-10-08,2024-12-24,https://shikimori.io/animes/55823-natsume-yuujinchou-shichi
32,"Shinseiki Evangelion Movie: Air/Magokoro wo, Kimi ni",Евангелион нового поколения: Конец Евангелиона,movie,8.57,released,1,1,1997-07-19,,https://shikimori.io/animes/32-shinseiki-evangelion-movie-air-magokoro-wo-kimi-ni
59636,Uma Musume: Cinderella Gray,Девушки-пони: Серая Золушка,tv,8.57,released,13,13,2025-04-06,2025-06-29,https://shikimori.io/animes/59636-uma-musume-cinderella-gray
36098,Kimi no Suizou wo Tabetai,Я хочу съесть твою поджелудочную,movie,8.56,released,1,1,2018-09-01,,https://shikimori.io/animes/z36098-kimi-no-suizou-wo-tabetai
40776,Haikyuu!! To the Top Part 2,Волейбол!! К вершине 2,tv,8.56,released,12,12,2020-10-03,2020-12-19,https://shikimori.io/animes/40776-haikyuu-to-the-top-part-2
10379,Natsume Yuujinchou San,Тетрадь дружбы Нацумэ 3,tv,8.56,released,13,13,2011-07-05,2011-09-27,https://shikimori.io/animes/10379-natsume-yuujinchou-san
31757,Kizumonogatari II: Nekketsu-hen,Истории ран. Часть 2: Горячая кровь,movie,8.56,released,1,0,2016-08-19,,https://shikimori.io/animes/z31757-kizumonogatari-ii-nekketsu-hen
32983,Natsume Yuujinchou Go,Тетрадь дружбы Нацумэ 5,tv,8.56,released,11,11,2016-10-05,2016-12-21,https://shikimori.io/animes/32983-natsume-yuujinchou-go
12355,Ookami Kodomo no Ame to Yuki,Волчьи дети Амэ и Юки,movie,8.56,released,1,0,2012-07-21,,https://shikimori.io/animes/12355-ookami-kodomo-no-ame-to-yuki
437,Perfect Blue,Идеальная грусть,movie,8.56,released,1,0,1998-02-28,,https://shikimori.io/animes/437-perfect-blue
170,Slam Dunk,Слэм-данк,tv,8.56,released,101,0,1993-10-16,1996-03-23,https://shikimori.io/animes/z170-slam-dunk
30484,Steins;Gate 0,Врата Штейна 0,tv,8.56,released,23,23,2018-04-12,2018-09-27,https://shikimori.io/animes/z30484-steins-gate-0
7785,Yojouhan Shinwa Taikei,Сказ о четырёх с половиной татами,tv,8.55,released,11,11,2010-04-23,2010-07-02,https://shikimori.io/animes/7785-yojouhan-shinwa-taikei
578,Hotaru no Haka,Могила светлячков,movie,8.54,released,1,0,1988-04-16,,https://shikimori.io/animes/x578-hotaru-no-haka
25777,Shingeki no Kyojin Season 2,Атака титанов 2,tv,8.54,released,12,12,2017-04-01,2017-06-17,https://shikimori.io/animes/25777-shingeki-no-kyojin-season-2
28735,Shouwa Genroku Rakugo Shinjuu,Сёва-Гэнроку: Двойное самоубийство по ракуго,tv,8.54,released,13,13,2016-01-09,2016-04-02,https://shikimori.io/animes/28735-shouwa-genroku-rakugo-shinjuu
11741,Fate/Zero 2nd Season,Судьба/Начало 2,tv,8.53,released,12,12,2012-04-08,2012-06-24,https://shikimori.io/animes/z11741-fate-zero-2nd-season
49701,Doupo Cangqiong: San Nian Zhi Yue,Расколотая битвой синева небес: Трёхлетнее соглашение,ona,8.53,released,13,12,2021-10-31,2022-01-16,https://shikimori.io/animes/49701-doupo-cangqiong-san-nian-zhi-yue
21329,Mushishi: Hihamukage,"Мастер муси: Тень, поглотившая Солнце",tv_special,8.53,released,1,1,2014-01-04,,https://shikimori.io/animes/21329-mushishi-hihamukage
40456,Kimetsu no Yaiba Movie: Mugen Ressha-hen,"Клинок, рассекающий демонов: Бесконечный поезд. Фильм",movie,8.53,released,1,0,2020-10-16,,https://shikimori.io/animes/z40456-kimetsu-no-yaiba-movie-mugen-ressha-hen
5300,Zoku Natsume Yuujinchou,Тетрадь дружбы Нацумэ 2,tv,8.53,released,13,0,2009-01-06,2009-03-31,https://shikimori.io/animes/5300-zoku-natsume-yuujinchou
52034,[Oshi no Ko],Ребёнок идола,tv,8.53,released,11,10,2023-04-12,2023-06-28,https://shikimori.io/animes/52034-oshi-no-ko
63375,Nippon Sangoku,Троецарствие Японии,tv,8.53,released,12,12,2026-04-07,2026-06-23,https://shikimori.io/animes/63375-nippon-sangoku
61607,Shiguang Dailiren III,Агент времени 3,ona,8.53,ongoing,12,8,2026-08-14,,https://shikimori.io/animes/61607-shiguang-dailiren-iii
7472,Gintama Movie 1: Shinyaku Benizakura-hen,Гинтама: Сказание о Бэнидзакуре,movie,8.52,released,1,0,2010-04-24,,https://shikimori.io/animes/z7472-gintama-movie-1-shinyaku-benizakura-hen
40417,Fruits Basket 2nd Season,Корзинка фруктов 2,tv,8.52,released,25,25,2020-04-07,2020-09-22,https://shikimori.io/animes/40417-fruits-basket-2nd-season
205,Samurai Champloo,Самурай Чамплу,tv,8.52,released,26,0,2004-05-20,2005-03-19,https://shikimori.io/animes/205-samurai-champloo
40664,Shoujo☆Kageki Revue Starlight Movie,Девичья опера: Свет ревю. Фильм,movie,8.52,released,1,0,2021-06-04,,https://shikimori.io/animes/40664-shoujo-kageki-revue-starlight-movie
12365,Bakuman. 3rd Season,Бакуман 3,tv,8.51,released,25,25,2012-10-06,2013-03-30,https://shikimori.io/animes/12365-bakuman-3rd-season
35843,Gintama. Porori-hen,Гинтама 6,tv,8.51,released,13,13,2017-10-02,2017-12-25,https://shikimori.io/animes/z35843-gintama-porori-hen
801,Koukaku Kidoutai: Stand Alone Complex 2nd GIG,Призрак в доспехах: Синдром одиночки 2,tv,8.51,released,26,0,2004-01-01,2005-01-08,https://shikimori.io/animes/801-koukaku-kidoutai-stand-alone-complex-2nd-gig
31933,JoJo no Kimyou na Bouken Part 4: Diamond wa Kudakenai,Невероятное приключение ДжоДжо: Несокрушимый алмаз,tv,8.51,released,39,39,2016-04-02,2016-12-24,https://shikimori.io/animes/31933-jojo-no-kimyou-na-bouken-part-4-diamond-wa-kudakenai
61903,Kaguya-sama wa Kokurasetai: Otona e no Kaidan,Госпожа Кагуя: в любви как на войне — Лестница во взрослую жизнь,tv_special,8.51,released,1,0,2025-12-31,,https://shikimori.io/animes/61903-kaguya-sama-wa-kokurasetai-otona-e-no-kaidan
11981,Mahou Shoujo Madoka★Magica Movie 3: Hangyaku no Monogatari,Девочка-волшебница Мадока★Волшебный фильм 3: История восстания,movie,8.51,released,1,0,2013-10-26,,https://shikimori.io/animes/11981-mahou-shoujo-madoka-magica-movie-3-hangyaku-no-monogatari
61322,Dr. Stone: Science Future Part 2,Доктор Стоун: Научное будущее. Часть 2,tv,8.5,released,12,12,2025-07-10,2025-09-25,https://shikimori.io/animes/61322-dr-stone-science-future-part-2
59986,Grand Blue Season 2,Необъятный океан 2,tv,8.5,released,12,12,2025-07-08,2025-09-23,https://shikimori.io/animes/59986-grand-blue-season-2
4282,Kara no Kyoukai Movie 5: Mujun Rasen,Граница пустоты 5: Спираль парадокса,movie,8.5,released,1,0,2008-08-16,,https://shikimori.io/animes/4282-kara-no-kyoukai-movie-5-mujun-rasen
53273,JoJo no Kimyou na Bouken Part 6: Stone Ocean Part 3,Невероятное приключение ДжоДжо: Каменный океан. Часть 3,ona,8.5,released,14,14,2022-12-01,,https://shikimori.io/animes/53273-jojo-no-kimyou-na-bouken-part-6-stone-ocean-part-3
58567,Ore dake Level Up na Ken Season 2: Arise from the Shadow,Поднятие уровня в одиночку 2: Восстаньте из тени,tv,8.5,released,13,12,2025-01-05,2025-03-30,https://shikimori.io/animes/58567-ore-dake-level-up-na-ken-season-2-arise-from-the-shadow
35839,Sora yori mo Tooi Basho,"Дальше, чем космос",tv,8.5,released,13,13,2018-01-02,2018-03-27,https://shikimori.io/animes/35839-sora-yori-mo-tooi-basho
38474,Yuru Camp△ Season 2,Лагерь на свежем воздухе 2,tv,8.5,released,13,13,2021-01-07,2021-04-01,https://shikimori.io/animes/38474-yuru-camp-season-2
55791,[Oshi no Ko] 2nd Season,Ребёнок идола 2,tv,8.5,released,13,12,2024-07-03,2024-10-06,https://shikimori.io/animes/55791-oshi-no-ko-2nd-season
60557,Fanren Xiu Xian Zhuan 4th Season,Путешествие к бессмертию 4,ona,8.49,released,52,51,2025-01-18,2026-01-03,https://shikimori.io/animes/60557-fanren-xiu-xian-zhuan-4th-season
32182,Mob Psycho 100,Моб Психо 100,tv,8.49,released,12,12,2016-07-11,2016-09-27,https://shikimori.io/animes/z32182-mob-psycho-100
40748,Jujutsu Kaisen,Магическая битва,tv,8.49,released,24,24,2020-10-03,2021-03-27,https://shikimori.io/animes/40748-jujutsu-kaisen
63832,Seihantai na Kimi to Boku 2nd Season,Ты и я — полные противоположности 2,tv,8.49,ongoing,13,11,2026-07-05,2026-10-04,https://shikimori.io/animes/63832-seihantai-na-kimi-to-boku-2nd-season
55809,Xian Ni,Противостояние святого,ona,8.49,ongoing,180,159,2023-09-25,,https://shikimori.io/animes/55809-xian-ni
3297,Aria the Origination,Ария: Происхождение,tv,8.48,released,13,0,2008-01-08,2008-04-01,https://shikimori.io/animes/3297-aria-the-origination
40834,Ousama Ranking,Рейтинг короля,tv,8.48,released,23,23,2021-10-15,2022-03-25,https://shikimori.io/animes/40834-ousama-ranking
12431,Uchuu Kyoudai,Космические братья,tv,8.48,released,99,99,2012-04-01,2014-03-22,https://shikimori.io/animes/12431-uchuu-kyoudai
30654,Ansatsu Kyoushitsu 2nd Season,Класс убийц 2,tv,8.47,released,25,25,2016-01-08,2016-07-01,https://shikimori.io/animes/z30654-ansatsu-kyoushitsu-2nd-season
30276,One Punch Man,Ванпанчмен,tv,8.47,released,12,12,2015-10-05,2015-12-21,https://shikimori.io/animes/z30276-one-punch-man
59845,Kaoru Hana wa Rin to Saku,Благоухающий цветок расцветает с достоинством,tv,8.47,released,13,13,2025-07-06,2025-09-28,https://shikimori.io/animes/59845-kaoru-hana-wa-rin-to-saku
10165,Nichijou,Мелочи жизни,tv,8.47,released,26,26,2011-04-03,2011-09-25,https://shikimori.io/animes/10165-nichijou
44070,Tian Guan Cifu Special,Благословение небожителей: Спецвыпуск,ona,8.47,released,1,0,2021-02-16,,https://shikimori.io/animes/44070-tian-guan-cifu-special
60988,Tian Guan Cifu Short Films,Благословение небожителей: Короткометражки,ona,8.47,ongoing,0,2,2025-02-12,,https://shikimori.io/animes/60988-tian-guan-cifu-short-films
37779,Yakusoku no Neverland,Обещанный Неверленд,tv,8.47,released,12,12,2019-01-11,2019-03-29,https://shikimori.io/animes/z37779-yakusoku-no-neverland
51553,Tongari Boushi no Atelier,Ателье колдовских колпаков,tv,8.47,released,13,13,2026-04-06,2026-06-29,https://shikimori.io/animes/51553-tongari-boushi-no-atelier
37379,Chihayafuru 3,Яркая Тихая 3,tv,8.46,released,24,24,2019-10-23,2020-03-25,https://shikimori.io/animes/z37379-chihayafuru-3
33049,Fate/stay night Movie: Heaven's Feel - II. Lost Butterfly,Судьба/Ночь схватки: Прикосновение небес 2,movie,8.46,released,1,1,2019-01-12,,https://shikimori.io/animes/z33049-fate-stay-night-movie-heaven-s-feel-ii-lost-butterfly
6114,Rainbow: Nisha Rokubou no Shichinin,Радуга: Семеро из шестой камеры второго блока,tv,8.46,released,26,26,2010-04-07,2010-09-29,https://shikimori.io/animes/6114-rainbow-nisha-rokubou-no-shichinin
392,Yuu☆Yuu☆Hakusho,Отчёт о буйстве духов,tv,8.46,released,112,0,1992-10-10,1995-01-07,https://shikimori.io/animes/392-yuu-yuu-hakusho
47194,Summertime Render,Летнее время,tv,8.46,released,25,25,2022-04-15,2022-09-30,https://shikimori.io/animes/47194-summertime-render
37105,Grand Blue,Необъятный океан,tv,8.45,released,12,12,2018-07-14,2018-09-29,https://shikimori.io/animes/37105-grand-blue
37208,Mo Dao Zu Shi,Магистр дьявольского культа,ona,8.45,released,15,15,2018-07-09,2018-10-06,https://shikimori.io/animes/37208-mo-dao-zu-shi
44087,Gintama: The Semi-Final,Гинтама: Полуфинал,special,8.45,released,2,0,2021-01-15,2021-01-20,https://shikimori.io/animes/44087-gintama-the-semi-final
57779,Dorohedoro Season 2,Дорохедоро 2,ona,8.45,released,11,11,2026-04-01,2026-05-27,https://shikimori.io/animes/57779-dorohedoro-season-2
38450,Mo Dao Zu Shi: Xian Yun Pian,Магистр дьявольского культа 2,ona,8.45,released,8,8,2019-08-03,2019-09-21,https://shikimori.io/animes/38450-mo-dao-zu-shi-xian-yun-pian
26055,JoJo no Kimyou na Bouken Part 3: Stardust Crusaders - Egypt-hen,Невероятное приключение ДжоДжо: Рыцари звёздной пыли 2,tv,8.44,released,24,24,2015-01-10,2015-06-20,https://shikimori.io/animes/26055-jojo-no-kimyou-na-bouken-part-3-stardust-crusaders-egypt-hen
11577,Steins;Gate Movie: Fuka Ryouiki no Dejà vu,Врата Штейна: Зона загрузки дежавю,movie,8.45,released,1,0,2013-04-20,,https://shikimori.io/animes/z11577-steins-gate-movie-fuka-ryouiki-no-dej-vu
31181,Owarimonogatari,История финала,tv,8.45,released,12,12,2015-10-04,2015-12-20,https://shikimori.io/animes/z31181-owarimonogatari
60544,Nezha Zhi Mo Tong Nao Hai,Нэчжа: Дьявол на беспокойном море,movie,8.45,released,1,0,2025-01-29,,https://shikimori.io/animes/60544-nezha-zhi-mo-tong-nao-hai
63019,Prism Rondo,Призматическое рондо,ona,8.45,released,20,0,2026-01-15,,https://shikimori.io/animes/63019-prism-rondo
